Index,Score,Std Dev,a,alpha,b,lamb
0,-0.22869338520640112,0.15635409205895473,0.9897950798649512,0.39627060708187034,0.9984324612488749,1.1885722221499166
